{"cameraMode":{"drawMode":0,"name":"Shaded","section":"Shading Mode"},"sceneLighting":true,"audioPlay":false,"sceneViewState":{"showFog":true,"showMaterialUpdate":false,"showSkybox":false,"showFlares":true,"showImageEffects":true,"showParticleSystems":true},"in2DMode":false,"pivot":{"x":0.0,"y":0.6209999322891235,"z":0.08899974822998047},"rotation":{"x":-0.03033391200006008,"y":0.9656988382339478,"z":-0.22133943438529969,"w":-0.13234713673591615},"size":23.28603744506836,"orthographic":false}